{
  "prusti-tests/tests/verify_safe_clients/fail/clients/arc.rs": [
    9.376909728999976,
    9.686041131999957,
    10.428141294999989,
    11.172947480999994,
    10.59631678300002,
    10.995037387000025,
    9.265583126000024,
    9.431702315999985,
    10.041564973999982,
    9.305196956999964
  ],
  "prusti-tests/tests/verify_safe_clients/fail/clients/arc_rwlock.rs": [
    35.950263889999974,
    34.09244189800006,
    35.04858727999999,
    33.560672339999996,
    34.16569819799997,
    33.040543576999994,
    34.64019853299999,
    35.25590275999991,
    35.15441338400001,
    35.05479751300004
  ],
  "prusti-tests/tests/verify_safe_clients/fail/clients/atomic.rs": [
    5.684078517999978,
    5.6308335989999705,
    5.5037671849999015,
    5.639400906999981,
    5.324578791000022,
    5.361695477000012,
    5.429170867000039,
    5.487113342000043,
    5.35680322799999,
    5.493769361999966
  ],
  "prusti-tests/tests/verify_safe_clients/fail/clients/box.rs": [
    5.535060676999933,
    5.444710034999957,
    5.675252025999953,
    5.556937553000012,
    5.636399996000023,
    5.569104422000009,
    5.797372956999993,
    5.438124686000037,
    5.2876201149999815,
    5.352922115000069
  ],
  "prusti-tests/tests/verify_safe_clients/fail/clients/cell.rs": [
    8.945182412000008,
    8.619314702999986,
    8.821175575999973,
    8.847413033000066,
    8.870001586000058,
    8.874976872000047,
    8.956241442999954,
    8.755759529999978,
    8.598910794000062,
    8.265324955999972
  ],
  "prusti-tests/tests/verify_safe_clients/fail/clients/mutex.rs": [
    12.527369719000035,
    12.391909491999968,
    12.234354979999807,
    12.882258374999992,
    13.127846635999958,
    13.160402198999918,
    12.82644908899988,
    12.02471573600019,
    12.700869226000123,
    12.734037123000007
  ],
  "prusti-tests/tests/verify_safe_clients/fail/clients/rc.rs": [
    16.108104727000182,
    16.053901070999927,
    15.915430733999983,
    17.462917064000067,
    16.479419423999843,
    15.258444324000038,
    15.669413906000045,
    15.73033504,
    15.720718971999986,
    13.772221183000056
  ],
  "prusti-tests/tests/verify_safe_clients/fail/clients/refcell.rs": [
    12.951783804000115,
    12.284369866000134,
    14.537115239999821,
    12.868642380999972,
    12.476375091000136,
    13.384108434999916,
    14.229884670000047,
    13.316506109999864,
    14.775281523000103,
    13.83017900799996
  ],
  "prusti-tests/tests/verify_safe_clients/fail/clients/unsafecell.rs": [
    5.208396831999835,
    4.782867490999934,
    4.53872765899996,
    4.913455433000081,
    5.013031284999897,
    4.585294274000034,
    4.729448711000032,
    5.0557486229999995,
    4.8740672900000845,
    4.7748805869998705
  ],
  "prusti-tests/tests/verify_safe_clients/fail/clients/mutex_inv.rs": [
    5.141643201000079,
    4.592561869000065,
    5.082005475999949,
    5.061123979000058,
    4.85381230400003,
    5.408590802999925,
    5.161211923999872,
    4.669919205000042,
    4.688696833999984,
    4.5605633430000125
  ],
  "prusti-tests/tests/verify_safe_clients/fail/clients/verus_cell.rs": [
    6.519144244000017,
    6.04538006000007,
    5.893405578000056,
    5.897783139000012,
    6.81560037600002,
    5.748557410000103,
    6.415456727999981,
    5.762289302999989,
    6.487764011000081,
    6.331307657000025
  ],
  "prusti-tests/tests/verify_safe_clients/fail/clients/verus_ptr.rs": [
    9.47547957100005,
    10.270389977999912,
    9.556351999000071,
    10.736210934999917,
    10.317995314999962,
    10.18464856799983,
    10.958996186999912,
    10.40144789499982,
    10.678035399999999,
    10.58700504699982
  ]
}